Date,Open,High,Low,Close,Volume,Name,
2015-09-25,1.75,1.75,1.68,1.71,5644600,AMD,
2015-09-28,1.69,1.7,1.66,1.66,5693100,AMD,
2015-09-29,1.67,1.69,1.65,1.67,7005300,AMD,
2015-09-30,1.7,1.72,1.68,1.72,5739500,AMD,
2015-10-01,1.77,1.77,1.72,1.74,5531700,AMD,
2015-10-02,1.76,1.83,1.72,1.83,7146100,AMD,
2015-10-05,1.82,1.87,1.77,1.8,7595600,AMD,
2015-10-06,1.8,1.86,1.8,1.83,8558400,AMD,
2015-10-07,1.82,1.87,1.82,1.86,7859200,AMD,
2015-10-08,1.87,1.95,1.85,1.93,9198700,AMD,
2015-10-09,1.92,1.96,1.89,1.96,8629100,AMD,
2015-10-12,1.96,1.96,1.85,1.87,7686600,AMD,
2015-10-13,1.87,1.94,1.86,1.92,6698400,AMD,
2015-10-14,1.92,1.96,1.92,1.95,10184300,AMD,
2015-10-15,1.97,2.06,1.95,1.97,27327100,AMD,
2015-10-16,2,2,1.89,1.94,21544900,AMD,
2015-10-19,1.91,2.01,1.91,2.01,10670800,AMD,
2015-10-20,2,2.03,1.97,2.02,5584200,AMD,
2015-10-21,2.02,2.12,2.01,2.1,14944100,AMD,
2015-10-22,2.1,2.16,2.09,2.14,8208400,AMD,
2015-10-23,2.1,2.21,2.1,2.21,9564200,AMD,
2015-10-26,2.21,2.21,2.12,2.15,6313500,AMD,
2015-10-27,2.12,2.16,2.1,2.15,5755600,AMD,
2015-10-28,2.14,2.2,2.12,2.18,6950600,AMD,
2015-10-29,2.15,2.18,2.11,2.13,4500400,AMD,
2015-10-30,2.14,2.15,2.12,2.12,4897100,AMD,
2015-11-02,2.13,2.19,2.11,2.19,5858700,AMD,
2015-11-03,2.16,2.29,2.16,2.28,8705800,AMD,
2015-11-04,2.27,2.3,2.18,2.2,8205300,AMD,
2015-11-05,2.21,2.24,2.17,2.2,4302200,AMD,
2015-11-06,2.19,2.21,2.13,2.15,8997100,AMD,
2015-11-09,2.15,2.18,2.1,2.11,6231200,AMD,
2015-11-10,2.09,2.1,2.02,2.02,6162200,AMD,
2015-11-11,2.02,2.09,2.02,2.07,3532100,AMD,
2015-11-12,2.05,2.07,2,2,3576800,AMD,
2015-11-13,1.99,2.04,1.94,1.99,5920200,AMD,
2015-11-16,1.99,2.02,1.95,1.99,4149700,AMD,
2015-11-17,2.01,2.04,1.97,1.98,5825100,AMD,
2015-11-18,1.99,2.15,1.98,2.12,9384700,AMD,
2015-11-19,2.1,2.16,2.09,2.14,4704300,AMD,
2015-11-20,2.14,2.25,2.13,2.22,10727100,AMD,
2015-11-23,2.22,2.24,2.18,2.22,4863200,AMD,
2015-11-24,2.2,2.4,2.17,2.34,15859700,AMD,
2015-11-25,2.36,2.4,2.31,2.38,6914800,AMD,
2015-11-27,2.37,2.38,2.32,2.33,2606600,AMD,
2015-11-30,2.34,2.37,2.25,2.36,9924400,AMD,
2015-12-01,2.36,2.37,2.31,2.34,5646400,AMD,
2015-12-02,2.31,2.34,2.23,2.27,7501700,AMD,
2015-12-03,2.25,2.31,2.2,2.23,7059900,AMD,
2015-12-04,2.23,2.29,2.21,2.28,4572600,AMD,
2015-12-07,2.26,2.36,2.21,2.36,8479600,AMD,
2015-12-08,2.34,2.4,2.25,2.39,9055500,AMD,
2015-12-09,2.37,2.4,2.32,2.35,8710000,AMD,
2015-12-10,2.36,2.5,2.33,2.45,13069400,AMD,
2015-12-11,2.41,2.47,2.36,2.36,11890000,AMD,
2015-12-14,2.36,2.39,2.3,2.34,7625700,AMD,
2015-12-15,2.35,2.43,2.32,2.36,7423900,AMD,
2015-12-16,2.39,2.55,2.37,2.54,19543600,AMD,
2015-12-17,2.52,2.6,2.52,2.56,11374100,AMD,
2015-12-18,2.51,2.55,2.42,2.45,17988100,AMD,
2015-12-21,2.47,2.53,2.43,2.53,6876600,AMD,
2015-12-22,2.55,2.78,2.54,2.77,24893200,AMD,
2015-12-23,2.76,2.94,2.75,2.83,30365300,AMD,
2015-12-24,2.88,3,2.86,2.92,11890900,AMD,
2015-12-28,2.91,3.02,2.86,3,16050500,AMD,
2015-12-29,3.04,3.06,2.97,3,15300900,AMD,
2015-12-30,2.99,3.04,2.93,2.98,10046600,AMD,
2015-12-31,2.97,3.01,2.87,2.87,11086100,AMD,
2016-01-04,2.77,2.82,2.63,2.77,32516800,AMD,
2016-01-05,2.77,2.8,2.64,2.75,12972300,AMD,
2016-01-06,2.66,2.71,2.47,2.51,23759400,AMD,
2016-01-07,2.43,2.48,2.26,2.28,22203500,AMD,
2016-01-08,2.36,2.42,2.1,2.14,31822400,AMD,
2016-01-11,2.16,2.36,2.12,2.34,19629300,AMD,
2016-01-12,2.4,2.46,2.28,2.39,17986100,AMD,
2016-01-13,2.4,2.45,2.21,2.25,12749700,AMD,
2016-01-14,2.29,2.35,2.21,2.21,15666600,AMD,
2016-01-15,2.1,2.13,1.99,2.03,21199300,AMD,
2016-01-19,2.08,2.11,1.9,1.95,18978900,AMD,
2016-01-20,1.81,1.95,1.75,1.8,29243600,AMD,
2016-01-21,1.82,2.18,1.81,2.09,26387900,AMD,
2016-01-22,2.11,2.17,1.98,2.02,16245500,AMD,
2016-01-25,2.01,2.15,2.01,2.12,13080900,AMD,
2016-01-26,2.14,2.15,2.03,2.07,11097400,AMD,
2016-01-27,2.08,2.18,2.07,2.13,10833200,AMD,
2016-01-28,2.16,2.17,2.07,2.08,7118400,AMD,
2016-01-29,2.09,2.2,2.07,2.2,11998100,AMD,
2016-02-01,2.17,2.19,2.11,2.14,8816100,AMD,
2016-02-02,2.11,2.14,1.96,1.99,11224100,AMD,
2016-02-03,2.04,2.08,1.95,2.07,9978600,AMD,
2016-02-04,2.06,2.17,2.03,2.09,8284800,AMD,
2016-02-05,2.06,2.08,1.98,1.98,7914400,AMD,
2016-02-08,1.97,1.98,1.87,1.93,11589000,AMD,
2016-02-09,1.89,2,1.85,1.9,14991500,AMD,
2016-02-10,1.92,1.98,1.83,1.84,9466100,AMD,
2016-02-11,1.82,1.94,1.81,1.86,7858300,AMD,
2016-02-12,1.89,1.91,1.82,1.83,9957300,AMD,
2016-02-16,1.86,1.9,1.82,1.83,11853400,AMD,
2016-02-17,1.85,1.94,1.85,1.9,13770200,AMD,
2016-02-18,1.93,1.98,1.9,1.91,10823400,AMD,
2016-02-19,1.93,1.93,1.83,1.91,7784100,AMD,
2016-02-22,1.94,2.04,1.93,2.01,9895500,AMD,
2016-02-23,2.04,2.06,1.97,1.97,6710600,AMD,
2016-02-24,1.98,2.04,1.93,2.02,6906200,AMD,
2016-02-25,2.02,2.04,1.98,2.03,5614400,AMD,
2016-02-26,2.04,2.1,2.03,2.07,7911500,AMD,
2016-02-29,2.06,2.15,2.05,2.14,11400300,AMD,
2016-03-01,2.16,2.2,2.12,2.18,9011200,AMD,
2016-03-02,2.2,2.33,2.18,2.32,10845700,AMD,
2016-03-03,2.32,2.55,2.3,2.46,22092400,AMD,
2016-03-04,2.42,2.5,2.34,2.37,15449000,AMD,
2016-03-07,2.36,2.47,2.36,2.47,8754300,AMD,
2016-03-08,2.44,2.46,2.3,2.3,10026900,AMD,
2016-03-09,2.32,2.35,2.2,2.26,13082400,AMD,
2016-03-10,2.29,2.31,2.15,2.26,9603500,AMD,
2016-03-11,2.29,2.54,2.29,2.52,21382400,AMD,
2016-03-14,2.53,2.75,2.5,2.72,33848000,AMD,
2016-03-15,2.67,2.69,2.45,2.49,21573600,AMD,
2016-03-16,2.5,2.64,2.49,2.63,13015700,AMD,
2016-03-17,2.77,2.81,2.7,2.8,29000800,AMD,
2016-03-18,2.8,2.93,2.77,2.93,26330500,AMD,
2016-03-21,2.9,2.9,2.75,2.8,13464900,AMD,
2016-03-22,2.73,2.85,2.71,2.79,10315800,AMD,
2016-03-23,2.8,2.83,2.68,2.68,10167100,AMD,
2016-03-24,2.69,2.81,2.62,2.79,10040200,AMD,
2016-03-28,2.81,2.84,2.73,2.78,7683700,AMD,
2016-03-29,2.74,2.88,2.7,2.86,13616200,AMD,
2016-03-30,2.88,2.98,2.85,2.86,14945900,AMD,
2016-03-31,2.84,2.88,2.8,2.85,9071500,AMD,
2016-04-01,2.79,2.88,2.76,2.83,8257700,AMD,
2016-04-04,2.83,2.87,2.8,2.83,5591100,AMD,
2016-04-05,2.76,2.84,2.72,2.76,9640200,AMD,
2016-04-06,2.75,2.8,2.72,2.8,12534600,AMD,
2016-04-07,2.76,2.83,2.61,2.64,13479200,AMD,
2016-04-08,2.7,2.76,2.68,2.74,8489000,AMD,
2016-04-11,2.76,2.82,2.74,2.76,9045100,AMD,
2016-04-12,2.79,2.85,2.76,2.81,16131900,AMD,
2016-04-13,2.78,2.82,2.73,2.8,8048000,AMD,
2016-04-14,2.77,2.79,2.7,2.72,8985300,AMD,
2016-04-15,2.72,2.75,2.68,2.7,7487500,AMD,
2016-04-18,2.67,2.8,2.65,2.76,8938800,AMD,
2016-04-19,2.78,2.78,2.61,2.62,11719900,AMD,
2016-04-20,2.62,2.72,2.61,2.7,7926100,AMD,
2016-04-21,2.65,2.7,2.6,2.62,13957200,AMD,
2016-04-22,3.19,3.99,3.18,3.99,143265300,AMD,
2016-04-25,3.81,3.82,3.31,3.45,80607900,AMD,
2016-04-26,3.45,3.75,3.44,3.66,36336900,AMD,
2016-04-27,3.55,3.75,3.53,3.73,24186800,AMD,
2016-04-28,3.69,3.8,3.6,3.61,20230000,AMD,
2016-04-29,3.69,3.69,3.45,3.55,17717800,AMD,
2016-05-02,3.58,3.75,3.57,3.74,16972800,AMD,
2016-05-03,3.7,3.71,3.58,3.6,13784800,AMD,
2016-05-04,3.54,3.67,3.54,3.6,8688500,AMD,
2016-05-05,3.64,3.8,3.61,3.66,21529600,AMD,
2016-05-06,3.65,3.75,3.64,3.68,11839300,AMD,
2016-05-09,3.66,3.68,3.45,3.65,16299400,AMD,
2016-05-10,3.66,3.68,3.56,3.64,9415100,AMD,
2016-05-11,3.61,3.68,3.6,3.65,7540300,AMD,
2016-05-12,3.65,3.68,3.55,3.59,9255800,AMD,
2016-05-13,3.56,3.73,3.55,3.67,16470100,AMD,
2016-05-16,3.67,3.85,3.65,3.79,14703800,AMD,
2016-05-17,3.8,3.98,3.69,3.79,20066100,AMD,
2016-05-18,3.79,3.97,3.77,3.84,19487500,AMD,
2016-05-19,3.83,3.85,3.69,3.77,17696900,AMD,
2016-05-20,3.83,3.9,3.81,3.87,13799600,AMD,
2016-05-23,3.9,4.2,3.88,4.04,35467000,AMD,
2016-05-24,4.09,4.21,3.92,4.2,34283900,AMD,
2016-05-25,4.24,4.35,4.15,4.18,24703600,AMD,
2016-05-26,4.19,4.38,4.17,4.35,22625700,AMD,
2016-05-27,4.39,4.63,4.37,4.6,34429600,AMD,
2016-05-31,4.67,4.71,4.5,4.57,25379200,AMD,
2016-06-01,4.6,4.64,4.38,4.43,29696400,AMD,
2016-06-02,4.37,4.4,4.07,4.24,35335000,AMD,
2016-06-03,4.16,4.2,4.08,4.16,17561800,AMD,
2016-06-06,4.2,4.51,4.17,4.47,21329600,AMD,
2016-06-07,4.56,4.67,4.47,4.51,20676200,AMD,
2016-06-08,4.54,4.56,4.38,4.46,16074300,AMD,
2016-06-09,4.41,4.54,4.32,4.52,16219100,AMD,
2016-06-10,4.4,4.47,4.3,4.32,15106500,AMD,
2016-06-13,4.32,4.48,4.32,4.4,13500700,AMD,
2016-06-14,4.4,4.51,4.33,4.39,16757400,AMD,
2016-06-15,4.44,4.48,4.3,4.42,11575300,AMD,
2016-06-16,4.5,4.75,4.46,4.75,34182700,AMD,
2016-06-17,4.75,5.27,4.68,5.26,64894100,AMD,
2016-06-20,5.39,5.45,5.09,5.1,43541300,AMD,
2016-06-21,5.1,5.5,5.09,5.45,35864600,AMD,
2016-06-22,5.46,5.52,4.96,5.02,47943300,AMD,
2016-06-23,5.17,5.26,5.05,5.21,29159200,AMD,
2016-06-24,4.82,5.07,4.76,4.88,36735200,AMD,
2016-06-27,4.88,5.05,4.65,4.72,31025300,AMD,
2016-06-28,4.95,5.19,4.91,5.12,29221400,AMD,
2016-06-29,5.31,5.4,5.1,5.13,33118300,AMD,
2016-06-30,5.13,5.19,4.95,5.14,26124800,AMD,
2016-07-01,5.09,5.14,5,5.07,18255900,AMD,
2016-07-05,5.03,5.05,4.88,4.96,16332500,AMD,
2016-07-06,4.91,5.11,4.9,5.04,19392900,AMD,
2016-07-07,5.07,5.1,4.94,5.02,15813800,AMD,
2016-07-08,4.84,5.15,4.82,5.1,28140700,AMD,
2016-07-11,5.13,5.19,5,5.01,21027900,AMD,
2016-07-12,5.01,5.17,5.01,5.14,20832500,AMD,
2016-07-13,5.14,5.19,5.04,5.09,14032500,AMD,
2016-07-14,5.15,5.24,5.06,5.17,20050100,AMD,
2016-07-15,5.2,5.2,5.1,5.14,14219300,AMD,
2016-07-18,5.19,5.57,5.13,5.51,38619400,AMD,
2016-07-19,5.5,5.55,5.34,5.41,23439600,AMD,
2016-07-20,5.48,5.5,5.4,5.41,20102400,AMD,
2016-07-21,5.43,5.45,5.1,5.22,40242000,AMD,
2016-07-22,5.73,5.97,5.45,5.84,101838300,AMD,
2016-07-25,5.93,6.95,5.92,6.7,118328600,AMD,
2016-07-26,6.76,7.16,6.71,6.98,81230600,AMD,
2016-07-27,6.93,6.98,6.68,6.85,38567300,AMD,
2016-07-28,6.79,6.98,6.74,6.82,27515600,AMD,
2016-07-29,6.88,6.96,6.75,6.86,22580500,AMD,
2016-08-01,6.89,6.92,6.57,6.64,26729000,AMD,
2016-08-02,6.56,6.6,6.15,6.26,40816400,AMD,
2016-08-03,6.18,6.45,6.15,6.3,23807800,AMD,
2016-08-04,6.39,6.61,6.37,6.47,22411000,AMD,
2016-08-05,6.56,6.76,6.47,6.61,20164000,AMD,
2016-08-08,6.7,6.85,6.65,6.68,21462200,AMD,
2016-08-09,6.75,6.78,6.54,6.6,16772400,AMD,
2016-08-10,6.35,6.58,6.25,6.49,29070700,AMD,
2016-08-11,6.5,6.59,6.46,6.58,13240300,AMD,
2016-08-12,6.6,6.79,6.55,6.73,25466400,AMD,
2016-08-15,6.79,6.97,6.78,6.95,28339400,AMD,
2016-08-16,6.94,6.94,6.65,6.78,26768800,AMD,
2016-08-17,6.7,6.75,6.61,6.68,13791300,AMD,
2016-08-18,6.74,7.07,6.73,7.04,30783300,AMD,
2016-08-19,7.24,8,7.22,7.62,75129300,AMD,
2016-08-22,7.83,7.95,7.37,7.58,41519200,AMD,
2016-08-23,7.66,7.74,7.53,7.67,27531100,AMD,
2016-08-24,7.67,7.67,7.37,7.43,22943900,AMD,
2016-08-25,7.49,7.49,7.2,7.47,16451300,AMD,
2016-08-26,7.49,7.8,7.46,7.67,31387900,AMD,
2016-08-29,7.72,7.79,7.57,7.59,16916300,AMD,
2016-08-30,7.61,7.64,7.41,7.49,16088100,AMD,
2016-08-31,7.52,7.52,7.28,7.4,18808800,AMD,
2016-09-01,7.18,7.44,7.09,7.35,22284600,AMD,
2016-09-02,7.49,7.64,7.38,7.51,18538400,AMD,
2016-09-06,7.56,7.6,7.25,7.34,24994600,AMD,
2016-09-07,7.05,7.07,6.78,6.84,57721900,AMD,
2016-09-08,6.64,6.65,6.15,6.23,90814700,AMD,
2016-09-09,6.23,6.24,5.85,5.9,170828000,AMD,
2016-09-12,5.83,6.07,5.77,5.94,78014400,AMD,
2016-09-13,5.92,5.95,5.66,5.74,50819500,AMD,
2016-09-14,5.75,6.08,5.75,6.04,64251100,AMD,
2016-09-15,6.09,6.2,5.95,6.02,52669500,AMD,
2016-09-16,6.22,6.22,5.97,6.05,47829400,AMD,
2016-09-19,6.12,6.28,6.08,6.16,37837200,AMD,
2016-09-20,6.23,6.28,6.12,6.17,28990900,AMD,
2016-09-21,6.2,6.32,6.14,6.29,33450000,AMD,
2016-09-22,6.35,6.44,6.33,6.37,35848200,AMD,
2016-09-23,6.31,6.65,6.31,6.55,61022400,AMD,
2016-09-26,6.54,6.54,6.31,6.32,29875800,AMD,
2016-09-27,6.45,6.58,6.29,6.54,30035900,AMD,
2016-09-28,6.57,6.65,6.48,6.59,27878300,AMD,
2016-09-29,6.57,6.73,6.54,6.67,30746100,AMD,
2016-09-30,6.7,7.04,6.7,6.91,47453100,AMD,
2016-10-03,6.95,7.15,6.87,6.95,30456700,AMD,
2016-10-04,7,7.09,6.89,6.97,25770000,AMD,
2016-10-05,6.97,7.01,6.7,6.78,31235600,AMD,
2016-10-06,6.72,6.98,6.63,6.96,27059700,AMD,
2016-10-07,6.92,6.96,6.62,6.75,33059000,AMD,
2016-10-10,6.82,6.94,6.8,6.84,13800500,AMD,
2016-10-11,6.8,6.84,6.38,6.5,32510800,AMD,
2016-10-12,6.64,6.77,6.42,6.62,33592700,AMD,
2016-10-13,6.5,6.54,6.24,6.49,30401700,AMD,
2016-10-14,6.92,7.12,6.74,6.75,66934400,AMD,
2016-10-17,6.92,6.97,6.64,6.67,24261500,AMD,
2016-10-18,6.76,6.89,6.69,6.73,25314800,AMD,
2016-10-19,6.7,6.8,6.57,6.77,29420200,AMD,
2016-10-20,6.81,6.98,6.77,6.96,64607500,AMD,
2016-10-21,6.5,6.65,6.37,6.52,64243500,AMD,
2016-10-24,6.57,7.01,6.54,7.01,52998400,AMD,
2016-10-25,6.9,7.5,6.87,7.5,78862000,AMD,
2016-10-26,7.4,7.48,7.26,7.29,47619300,AMD,
2016-10-27,7.44,7.46,7.1,7.11,37804200,AMD,
2016-10-28,7.1,7.53,7.02,7.2,77261300,AMD,
2016-10-31,7.24,7.46,7.2,7.23,42345900,AMD,
2016-11-01,7.32,7.43,6.92,7.09,39906900,AMD,
2016-11-02,7.03,7.06,6.67,6.76,33852200,AMD,
2016-11-03,6.78,6.79,6.56,6.7,33673600,AMD,
2016-11-04,6.69,6.72,6.46,6.56,32215700,AMD,
2016-11-07,6.79,6.99,6.76,6.96,36999200,AMD,
2016-11-08,6.85,7.18,6.75,7,37728500,AMD,
2016-11-09,6.7,7.05,6.64,6.94,38479500,AMD,
2016-11-10,6.82,6.91,6.22,6.3,71749500,AMD,
2016-11-11,6.64,6.69,6.47,6.69,39492200,AMD,
2016-11-14,6.83,6.84,6.61,6.79,29596400,AMD,
2016-11-15,6.82,7.08,6.79,6.97,28909400,AMD,
2016-11-16,7.09,7.75,7.07,7.67,78083200,AMD,
2016-11-17,7.79,8.77,7.77,8.46,124235500,AMD,
2016-11-18,8.68,8.83,8.4,8.71,62336200,AMD,
2016-11-21,8.87,9.22,8.86,8.94,65595900,AMD,
2016-11-22,9.05,9.06,8.54,8.69,71312800,AMD,
2016-11-23,8.72,8.86,8.5,8.8,34646000,AMD,
2016-11-25,8.8,8.91,8.69,8.77,14214100,AMD,
2016-11-28,8.72,8.98,8.72,8.83,25907800,AMD,
2016-11-29,9,9.23,8.85,8.93,54831400,AMD,
2016-11-30,9.02,9.12,8.9,8.91,36511900,AMD,
2016-12-01,8.92,9.03,8.26,8.39,56682400,AMD,
2016-12-02,8.38,8.74,8.38,8.53,42398900,AMD,
2016-12-05,8.69,8.71,8.45,8.68,31410100,AMD,
2016-12-06,8.95,9.54,8.82,9.45,92242900,AMD,
2016-12-07,9.65,9.79,9.24,9.56,54897300,AMD,
2016-12-08,9.9,10.66,9.8,10.34,104613000,AMD,
2016-12-09,10.38,10.54,9.87,10.34,60600800,AMD,
2016-12-12,10.4,10.93,10.38,10.68,63342900,AMD,
2016-12-13,10.75,10.8,10.4,10.54,46967800,AMD,
2016-12-14,10.43,10.74,10.27,10.55,46968600,AMD,
2016-12-15,10.68,10.93,10.64,10.86,48871300,AMD,
2016-12-16,10.94,11.23,10.6,10.66,77777700,AMD,
2016-12-19,10.81,11,10.52,10.95,46085800,AMD,
2016-12-20,11.19,11.51,11.15,11.51,59314200,AMD,
2016-12-21,11.61,11.72,11.31,11.47,44814100,AMD,
2016-12-22,11.65,11.75,11.47,11.6,36450800,AMD,
2016-12-23,11.3,11.6,11.26,11.58,32288200,AMD,
2016-12-27,11.65,12.08,11.6,12.07,44336500,AMD,
2016-12-28,12.28,12.42,11.46,11.55,71254500,AMD,
2016-12-29,11.24,11.62,11.01,11.59,50234300,AMD,
2016-12-30,11.7,11.78,11.25,11.34,44095400,AMD,
2017-01-03,11.42,11.65,11.02,11.43,55182000,AMD,
2017-01-04,11.45,11.52,11.24,11.43,40781200,AMD,
2017-01-05,11.43,11.69,11.23,11.24,38855200,AMD,
2017-01-06,11.29,11.49,11.11,11.32,34453500,AMD,
2017-01-09,11.37,11.64,11.31,11.49,37304800,AMD,
2017-01-10,11.55,11.63,11.33,11.44,29201600,AMD,
2017-01-11,11.39,11.41,11.15,11.2,39377000,AMD,
2017-01-12,10.98,11.04,10.33,10.76,75244100,AMD,
2017-01-13,10.79,10.87,10.56,10.58,38377500,AMD,
2017-01-17,10.17,10.23,9.78,9.82,70491800,AMD,
2017-01-18,9.54,10.1,9.42,9.88,51797600,AMD,
2017-01-19,9.92,10.25,9.75,9.77,46151300,AMD,
2017-01-20,9.88,9.96,9.67,9.75,27982100,AMD,
2017-01-23,9.68,10.06,9.68,9.91,27905700,AMD,
2017-01-24,9.95,10.49,9.95,10.44,43991200,AMD,
2017-01-25,10.74,10.98,10.15,10.35,61778100,AMD,
2017-01-26,10.35,10.66,10.3,10.52,35866600,AMD,
2017-01-27,10.6,10.73,10.52,10.67,32719200,AMD,
2017-01-30,10.62,10.68,10.3,10.61,37725000,AMD,
2017-01-31,10.6,10.67,10.22,10.37,53704900,AMD,
2017-02-01,10.9,12.14,10.81,12.06,165939300,AMD,
2017-02-02,11.98,12.66,11.95,12.28,116324500,AMD,
2017-02-03,12.37,12.5,12.04,12.24,60036700,AMD,
2017-02-06,12.46,13.7,12.38,13.63,140474100,AMD,
2017-02-07,14.05,14.27,13.06,13.29,158683800,AMD,
2017-02-08,13.21,13.75,13.08,13.56,75942900,AMD,
2017-02-09,13.78,13.89,13.4,13.42,73339900,AMD,
2017-02-10,13.86,13.86,13.25,13.58,54579300,AMD,
2017-02-13,13.7,13.95,13.38,13.49,57413100,AMD,
2017-02-14,13.43,13.49,13.19,13.26,40479100,AMD,
2017-02-15,13.2,13.44,13.15,13.3,33722300,AMD,
2017-02-16,13.25,13.35,12.84,12.97,52502500,AMD,
2017-02-17,12.79,13.14,12.6,13.13,40888000,AMD,
2017-02-21,13.41,14.1,13.4,14,66357100,AMD,
2017-02-22,14.3,14.5,14.04,14.28,71505000,AMD,
2017-02-23,14.2,14.45,13.82,14.32,80317600,AMD,
2017-02-24,14,14.32,13.86,14.12,46288600,AMD,
2017-02-27,14.27,15.35,14.27,15.2,95422900,AMD,
2017-02-28,15.45,15.55,14.35,14.46,141783000,AMD,
2017-03-01,15.08,15.09,14.52,14.96,73450400,AMD,
2017-03-02,14.59,14.78,13.87,13.9,104330900,AMD,
2017-03-03,13.55,13.58,12.79,13.03,163395900,AMD,
2017-03-06,13,13.34,12.38,13.04,117192600,AMD,
2017-03-07,13.07,13.37,12.79,13.05,76666300,AMD,
2017-03-08,13.25,13.55,13.1,13.22,71294700,AMD,
2017-03-09,13.45,13.45,13.11,13.33,45244200,AMD,
2017-03-10,13.5,13.93,13.45,13.91,65142200,AMD,
2017-03-13,14.48,14.68,14.18,14.28,73078100,AMD,
2017-03-14,14,14.15,13.64,14.1,52554500,AMD,
2017-03-15,14.03,14.06,13.62,13.98,55179600,AMD,
2017-03-16,13.79,13.88,13.65,13.65,44494800,AMD,
2017-03-17,13.62,13.74,13.36,13.49,224892300,AMD,
2017-03-20,13.68,14.5,13.54,14.4,91565600,AMD,
2017-03-21,14.4,14.49,13.78,13.82,72552700,AMD,
2017-03-22,13.7,14.15,13.55,14.1,61239500,AMD,
2017-03-23,13.96,14.12,13.77,13.79,44549900,AMD,
2017-03-24,14.16,14.18,13.54,13.7,50099500,AMD,
2017-03-27,13.35,13.78,13.21,13.7,42686800,AMD,
2017-03-28,13.75,13.86,13.55,13.69,37420200,AMD,
2017-03-29,13.74,13.87,13.63,13.71,37863500,AMD,
2017-03-30,13.73,14.05,13.65,14.05,44132800,AMD,
2017-03-31,14.1,14.75,14.01,14.55,84566200,AMD,
2017-04-03,14.6,14.74,14.3,14.64,48423700,AMD,
2017-04-04,14.31,14.67,14.03,14.16,58413000,AMD,
2017-04-05,14.28,14.64,14.1,14.17,58816700,AMD,
2017-04-06,13.42,13.46,12.83,13.27,139500100,AMD,
2017-04-07,13.33,13.68,13.22,13.52,70441000,AMD,
2017-04-10,13.52,13.59,13.04,13.1,47178000,AMD,
2017-04-11,13.02,13.29,12.71,13.1,59916600,AMD,
2017-04-12,12.94,13.1,12.74,12.76,37385400,AMD,
2017-04-13,12.51,12.72,12.22,12.31,53442600,AMD,
2017-04-17,12.53,12.8,12.37,12.79,38188200,AMD,
2017-04-18,12.63,12.97,12.58,12.95,37172000,AMD,
2017-04-19,13.09,13.21,12.8,12.84,36491100,AMD,
2017-04-20,12.98,13.15,12.88,13.11,41976100,AMD,
2017-04-21,13.08,13.12,12.9,13,25689600,AMD,
2017-04-24,13.23,13.23,13.05,13.13,36120300,AMD,
2017-04-25,13.24,13.53,13.16,13.49,35881000,AMD,
2017-04-26,13.42,13.53,13.22,13.41,36644500,AMD,
2017-04-27,13.43,13.7,13.37,13.62,31327600,AMD,
2017-04-28,13.73,13.76,13.16,13.3,50376000,AMD,
2017-05-01,13.43,13.63,13.25,13.62,68036300,AMD,
2017-05-02,11.73,11.76,10.3,10.32,268336500,AMD,
2017-05-03,10.29,10.68,9.85,10.39,140899400,AMD,
2017-05-04,10.55,10.55,9.94,10.1,77031400,AMD,
2017-05-05,10.13,10.26,9.94,10.19,51759000,AMD,
2017-05-08,10.22,10.22,10,10.04,35101100,AMD,
2017-05-09,10.04,10.4,10.04,10.18,51017300,AMD,
2017-05-10,10.46,10.85,10.45,10.79,65995900,AMD,
2017-05-11,10.74,11.26,10.51,11.07,72946500,AMD,
2017-05-12,11.2,11.4,11.08,11.26,56072600,AMD,
2017-05-15,11.41,11.6,11.3,11.42,52565000,AMD,
2017-05-16,11.66,12.77,11.63,12.75,164186900,AMD,
2017-05-17,11.81,12.29,11.16,11.2,160109500,AMD,
2017-05-18,10.99,11.49,10.81,11.28,86900100,AMD,
2017-05-19,11.47,11.62,11.35,11.41,50319700,AMD,
2017-05-22,11.49,11.55,10.77,11.04,78696400,AMD,
2017-05-23,10.97,11.06,10.62,10.89,49799600,AMD,
2017-05-24,11.05,11.06,10.71,10.89,42903900,AMD,
2017-05-25,11.01,11.01,10.8,10.98,33584300,AMD,
2017-05-26,10.85,11.02,10.74,11,31907600,AMD,
2017-05-30,10.95,11.27,10.9,11.12,35339000,AMD,
2017-05-31,11.29,11.49,11.1,11.19,42929000,AMD,
2017-06-01,11.25,11.29,10.81,10.93,48002000,AMD,
2017-06-02,10.93,10.96,10.57,10.9,43056200,AMD,
2017-06-05,10.84,11.34,10.8,11.24,66207300,AMD,
2017-06-06,11.27,12.24,11.24,12.03,114998600,AMD,
2017-06-07,12.42,12.96,12.23,12.38,151005900,AMD,
2017-06-08,12.81,12.91,12.4,12.9,89515100,AMD,
2017-06-09,13.1,13.4,11.63,12.28,167454400,AMD,
2017-06-12,11.75,12.35,11.27,12.09,125781800,AMD,
2017-06-13,12.33,12.48,11.67,11.96,87302300,AMD,
2017-06-14,11.91,12.05,11.65,11.77,51909400,AMD,
2017-06-15,11.34,11.58,11.21,11.5,61666000,AMD,
2017-06-16,11.66,11.83,11.28,11.44,59779500,AMD,
2017-06-19,11.63,12.12,11.62,11.93,61803600,AMD,
2017-06-20,12.19,12.93,12.18,12.64,118001500,AMD,
2017-06-21,13.36,14.01,13.13,13.98,188796100,AMD,
2017-06-22,14.1,14.5,13.56,14.38,149594200,AMD,
2017-06-23,14.15,14.67,13.9,14.17,200777300,AMD,
2017-06-26,14.39,14.49,13.84,14.08,101012500,AMD,
2017-06-27,13.76,14.04,13.37,13.4,89319700,AMD,
2017-06-28,13.65,13.7,13.09,13.23,85266900,AMD,
2017-06-29,13.06,13.15,12.45,12.6,87634400,AMD,
2017-06-30,12.57,12.83,12.36,12.48,59267400,AMD,
2017-07-03,12.57,12.73,12.13,12.15,39929100,AMD,
2017-07-05,12.36,13.21,12.32,13.19,99450200,AMD,
2017-07-06,12.94,13.32,12.67,13.02,88927800,AMD,
2017-07-07,13.27,13.75,13.18,13.36,88392100,AMD,
2017-07-10,13.61,13.88,13.27,13.81,78320200,AMD,
2017-07-11,13.77,14.1,13.62,13.89,71102300,AMD,
2017-07-12,14.17,14.39,13.96,14.29,78508400,AMD,
2017-07-13,14.33,14.49,13.43,13.53,111656900,AMD,
2017-07-14,13.46,13.93,13.32,13.92,82084600,AMD,
2017-07-17,14.03,14.12,13.51,13.8,71690800,AMD,
2017-07-18,13.29,13.53,13.15,13.48,78366500,AMD,
2017-07-19,13.62,13.74,13.41,13.55,51957800,AMD,
2017-07-20,13.61,13.89,13.45,13.8,47707500,AMD,
2017-07-21,13.7,14.05,13.62,13.88,51045700,AMD,
2017-07-24,14,14.44,13.97,14.16,71014900,AMD,
2017-07-25,14.29,14.32,13.87,14.11,98047400,AMD,
2017-07-26,15.13,15.65,14.4,14.76,236083000,AMD,
2017-07-27,14.99,15.04,13.7,14.12,130303700,AMD,
2017-07-28,13.85,14.1,13.68,13.95,66763800,AMD,
2017-07-31,14.09,14.22,13.47,13.61,69108700,AMD,
2017-08-01,13.72,13.86,13.45,13.71,49149900,AMD,
2017-08-02,13.81,13.93,13.12,13.37,67502200,AMD,
2017-08-03,13.42,13.52,13.08,13.24,52557400,AMD,
2017-08-04,13.2,13.36,13.02,13.12,64254000,AMD,
2017-08-07,13.33,13.57,13.27,13.43,57486800,AMD,
2017-08-08,13.48,13.55,13.08,13.11,47338000,AMD,
2017-08-09,12.76,12.89,12.54,12.83,58861500,AMD,
2017-08-10,12.7,12.92,12.11,12.12,83113400,AMD,
2017-08-11,12.04,12.39,11.88,12.23,63558800,AMD,
2017-08-14,12.58,12.85,12.58,12.76,64426100,AMD,
2017-08-15,13.01,13.14,12.75,13.02,57990300,AMD,
2017-08-16,13.17,13.19,12.52,12.63,64639400,AMD,
2017-08-17,12.46,12.65,12.32,12.34,47371000,AMD,
2017-08-18,12.43,12.56,12.25,12.37,37521700,AMD,
2017-08-21,12.42,12.42,11.86,12.05,58888500,AMD,
2017-08-22,12.2,12.33,12.1,12.17,39033200,AMD,
2017-08-23,12,12.54,11.95,12.48,44345400,AMD,
2017-08-24,12.69,12.71,12.39,12.5,37269700,AMD,
2017-08-25,12.51,12.57,12.25,12.43,29732000,AMD,
2017-08-28,12.53,12.55,12.16,12.23,35969600,AMD,
2017-08-29,12,12.18,11.93,12.15,33618100,AMD,
2017-08-30,12.19,12.68,12.16,12.67,43933000,AMD,
2017-08-31,12.82,13.16,12.79,13,51822100,AMD,
2017-09-01,13.12,13.49,13.04,13.19,53158600,AMD,
2017-09-05,12.88,13.18,12.65,12.92,51445500,AMD,
2017-09-06,13.02,13.08,12.75,12.86,34182400,AMD,
2017-09-07,12.84,12.94,12.6,12.63,35816900,AMD,
2017-09-08,12.57,12.61,12.04,12.25,60886200,AMD,
2017-09-11,12.46,12.74,12.4,12.55,43346100,AMD,
2017-09-12,12.66,12.68,12.21,12.3,54413100,AMD,
2017-09-13,12.22,12.36,12.12,12.22,37210700,AMD,
2017-09-14,12.15,12.46,12.11,12.26,37220200,AMD,
2017-09-15,12.33,12.66,12.31,12.52,50337400,AMD,
2017-09-18,12.77,13.3,12.74,13.08,83517400,AMD,
2017-09-19,13.25,13.29,12.88,13.12,65455200,AMD,
2017-09-20,13.07,13.8,12.8,13.74,102682400,AMD,
2017-09-21,14,14.24,13.32,13.41,166821900,AMD,
2017-09-22,13.2,13.4,13.12,13.3,50547000,AMD,
2017-09-25,13.25,13.28,12.49,12.61,84172200,AMD,
2017-09-26,12.85,12.93,12.43,12.45,68302000,AMD,
2017-09-27,12.65,12.87,12.5,12.74,59947200,AMD,
2017-09-28,12.76,12.84,12.55,12.74,35812300,AMD,
2017-09-29,12.77,12.82,12.6,12.75,33926900,AMD,
2017-10-02,12.8,12.85,12.62,12.71,34461100,AMD,
2017-10-03,12.73,13.48,12.7,13.42,85174000,AMD,
2017-10-04,13.31,13.5,13.15,13.31,42303200,AMD,
2017-10-05,13.38,13.46,13.21,13.34,34758600,AMD,
2017-10-06,13.22,13.39,13.18,13.23,28258700,AMD,
2017-10-09,13.26,13.83,13.26,13.47,54032500,AMD,
2017-10-10,13.72,13.79,13.44,13.7,43304000,AMD,
2017-10-11,13.62,13.96,13.61,13.88,38746600,AMD,
2017-10-12,13.85,14.37,13.81,14.2,69874100,AMD,
2017-10-13,14.32,14.41,14.12,14.22,37515800,AMD,
2017-10-16,14.25,14.35,14.12,14.26,34136800,AMD,
2017-10-17,14.24,14.35,14.14,14.16,28995600,AMD,
2017-10-18,14.2,14.28,13.76,14.07,39020300,AMD,
2017-10-19,13.85,14.04,13.69,13.95,33795700,AMD,
2017-10-20,14.03,14.09,13.8,13.81,32538900,AMD,
2017-10-23,13.94,14.19,13.9,14.1,49838000,AMD,
2017-10-24,14.2,14.36,14.15,14.25,84891600,AMD,
2017-10-25,12.95,13.13,12.29,12.33,166762100,AMD,
2017-10-26,12.45,12.46,12,12.01,87625400,AMD,
2017-10-27,12.17,12.19,11.35,11.84,115650400,AMD,
2017-10-30,11.26,11.42,10.65,10.89,137785100,AMD,
2017-10-31,10.76,11.31,10.69,10.99,78600000,AMD,
2017-11-01,11.25,11.29,10.72,10.8,66875500,AMD,
2017-11-02,10.87,10.99,10.66,10.85,47942500,AMD,
2017-11-03,10.95,11.13,10.82,11.12,44264300,AMD,
2017-11-06,12.04,12.09,11.64,11.93,96349800,AMD,
2017-11-07,11.94,12.27,11.92,12.05,67900200,AMD,
2017-11-08,11.94,11.95,11.51,11.71,59065000,AMD,
2017-11-09,11.25,11.35,11.03,11.12,76821200,AMD,
2017-11-10,11.22,11.43,11.12,11.26,50209900,AMD,
2017-11-13,11.18,11.2,10.92,11.09,54068300,AMD,
2017-11-14,11.03,11.26,11,11.12,37245000,AMD,
2017-11-15,11.01,11.13,10.77,11.07,33524700,AMD,
2017-11-16,11.13,11.32,11.13,11.25,31800400,AMD,
2017-11-17,11.3,11.75,11.28,11.38,56775600,AMD,
2017-11-20,11.47,11.51,11.19,11.34,35960200,AMD,
2017-11-21,11.42,11.49,11.24,11.4,31881700,AMD,
2017-11-22,11.41,11.49,11.3,11.37,23816500,AMD,
2017-11-24,11.38,11.42,11.3,11.38,11035800,AMD,
2017-11-27,11.34,11.74,11.34,11.55,41798300,AMD,
2017-11-28,11.45,11.54,11,11.17,65325700,AMD,
2017-11-29,11.08,11.17,10.73,10.83,63333800,AMD,
2017-11-30,10.87,11.03,10.76,10.89,43205000,AMD,
2017-12-01,10.81,10.97,10.53,10.73,42128800,AMD,
2017-12-04,10.85,10.86,9.82,10.03,97328300,AMD,
2017-12-05,9.89,10.34,9.7,9.91,67304100,AMD,
2017-12-06,9.9,10.05,9.71,10,38952200,AMD,
2017-12-07,10.07,10.19,9.95,10.04,32665600,AMD,
2017-12-08,10.15,10.2,9.92,9.94,34897000,AMD,
2017-12-11,9.97,10.16,9.96,10.16,29956400,AMD,
2017-12-12,10.13,10.14,9.88,9.9,36211000,AMD,
2017-12-13,9.97,10.21,9.95,10.11,41494800,AMD,
2017-12-14,10.1,10.17,9.96,10.13,29006800,AMD,
2017-12-15,10.13,10.32,10.02,10.29,45462300,AMD,
2017-12-18,10.6,11,10.51,10.98,63797700,AMD,
2017-12-19,11,11.19,10.87,10.95,43852900,AMD,
2017-12-20,11.1,11.18,10.8,10.98,31420300,AMD,
2017-12-21,10.98,11.08,10.87,10.89,21884300,AMD,
2017-12-22,10.75,10.77,10.2,10.54,50744500,AMD,
2017-12-26,10.38,10.58,10.34,10.46,20437900,AMD,
2017-12-27,10.45,10.74,10.4,10.53,22921800,AMD,
2017-12-28,10.57,10.64,10.43,10.55,18609400,AMD,
2017-12-29,10.57,10.58,10.27,10.28,26678900,AMD,
2018-01-02,10.42,11.02,10.34,10.98,44146300,AMD,
2018-01-03,11.61,12.14,11.36,11.55,154066700,AMD,
2018-01-04,12.1,12.43,11.97,12.12,109503000,AMD,
2018-01-05,12.19,12.22,11.66,11.88,63808900,AMD,
2018-01-08,12.01,12.3,11.85,12.28,63346000,AMD,
2018-01-09,12,12.02,11.71,11.82,62560900,AMD,
2018-01-10,11.63,12.15,11.56,11.96,52561200,AMD,
2018-01-11,12.07,12.19,11.9,12.14,38354900,AMD,
2018-01-12,11.82,12.07,11.8,12.02,47149300,AMD,
2018-01-16,12.05,12.2,11.8,11.91,42686600,AMD,
2018-01-17,11.9,12.19,11.82,12.18,39020800,AMD,
2018-01-18,12.18,12.68,12.15,12.47,62086200,AMD,
2018-01-19,12.56,12.88,12.54,12.59,46800700,AMD,
2018-01-22,12.61,12.74,12.37,12.65,34758600,AMD,
2018-01-23,12.82,13,12.76,12.94,46417200,AMD,
2018-01-24,13.02,13.05,12.6,12.71,41956400,AMD,
2018-01-25,12.78,12.94,12.32,12.41,42966600,AMD,
2018-01-26,12.7,12.95,12.62,12.95,44239000,AMD,
2018-01-29,13.13,13.47,13.05,13.32,66645400,AMD,
2018-01-30,13.12,13.27,12.69,12.87,91236400,AMD,
2018-01-31,13.24,13.85,13.15,13.74,140977800,AMD,
2018-02-01,13.62,13.84,13.21,13.25,67543300,AMD,
2018-02-02,13.05,13.06,12.43,12.45,79432600,AMD,
2018-02-05,12.05,12.18,10.93,11.57,116568900,AMD,
2018-02-06,11.04,11.74,11,11.65,87123200,AMD,
2018-02-07,11.7,11.9,11.53,11.6,55758400,AMD,
2018-02-08,11.72,11.85,11.21,11.22,56471800,AMD,
2018-02-09,11.54,11.57,10.63,11.31,85458200,AMD,
2018-02-12,11.47,11.8,11.43,11.68,63160900,AMD,
2018-02-13,11.6,11.82,11.53,11.78,33661400,AMD,
2018-02-14,11.72,12.31,11.63,12.2,51756800,AMD,
2018-02-15,12.4,12.63,12.07,12.19,59593800,AMD,
2018-02-16,12.11,12.23,11.82,11.82,47332300,AMD,
2018-02-20,11.72,12.19,11.71,12.02,47096500,AMD,
2018-02-21,12.12,12.12,11.72,11.72,40195800,AMD,
2018-02-22,11.82,12,11.63,11.84,37886300,AMD,
2018-02-23,11.95,12.16,11.94,12.07,33317600,AMD,
2018-02-26,12.14,12.43,12.05,12.42,42265200,AMD,
2018-02-27,12.43,12.88,12.39,12.53,55975300,AMD,
2018-02-28,12.66,12.73,12.1,12.11,43387500,AMD,
2018-03-01,12.26,12.27,11.66,11.9,63207400,AMD,
2018-03-02,11.67,11.93,11.43,11.81,58123500,AMD,
2018-03-05,11.69,12.06,11.61,11.91,43734800,AMD,
2018-03-06,12.01,12.05,11.71,11.76,46751200,AMD,
2018-03-07,11.58,12.82,11.55,12.24,127603200,AMD,
2018-03-08,12.4,12.59,11.74,11.97,76011200,AMD,
2018-03-09,12.03,12.04,11.58,11.7,89674400,AMD,
2018-03-12,11.76,11.82,11.48,11.52,83748700,AMD,
2018-03-13,11.5,12.04,11.1,11.64,174302600,AMD,
2018-03-14,11.7,11.72,11.26,11.36,80540800,AMD,
2018-03-15,11.43,11.55,11.19,11.46,66373900,AMD,
2018-03-16,11.49,11.55,11.32,11.47,37591000,AMD,
2018-03-19,11.41,11.74,11.35,11.43,53308600,AMD,
2018-03-20,11.41,11.52,11,11.11,65116900,AMD,
2018-03-21,11.16,11.34,11.11,11.26,44691700,AMD,
2018-03-22,11.1,11.26,10.85,10.91,59944200,AMD,
2018-03-23,10.91,10.97,10.57,10.63,54844500,AMD,
2018-03-26,10.71,10.8,10.18,10.44,75878500,AMD,
2018-03-27,10.51,10.59,9.9,10,68551300,AMD,
2018-03-28,9.99,10.17,9.79,9.81,64832100,AMD,
2018-03-29,9.94,10.08,9.81,10.05,48681400,AMD,
2018-04-02,9.99,10.14,9.51,9.53,64824600,AMD,
2018-04-03,9.63,9.77,9.3,9.55,54891600,AMD,
2018-04-04,9.08,9.81,9.04,9.77,67356900,AMD,
2018-04-05,10.05,10.2,9.91,10.02,65758800,AMD,
2018-04-06,9.83,10.1,9.5,9.61,51087100,AMD,
2018-04-09,9.75,9.84,9.52,9.53,38382600,AMD,
2018-04-10,9.75,10.04,9.71,9.98,42849200,AMD,
2018-04-11,9.87,10.03,9.79,9.82,29169300,AMD,
2018-04-12,9.98,10.1,9.82,10.08,47784400,AMD,
2018-04-13,10.2,10.22,9.88,9.93,38935700,AMD,
2018-04-16,10,10.17,9.9,10.09,28875100,AMD,
2018-04-17,10.28,10.53,10.2,10.52,45360300,AMD,
2018-04-18,10.51,10.65,10.33,10.36,42449600,AMD,
2018-04-19,10.18,10.33,9.99,10.11,57841600,AMD,
2018-04-20,10.05,10.14,9.95,9.99,39011900,AMD,
2018-04-23,10.09,10.19,9.97,10.04,42971300,AMD,
2018-04-24,10.19,10.35,9.95,10.09,44992200,AMD,
2018-04-25,10.06,10.09,9.56,9.71,90578000,AMD,
2018-04-26,10.87,11.19,10.61,11.04,145284100,AMD,
2018-04-27,11.2,11.36,11.02,11.11,74347800,AMD,
2018-04-30,11.06,11.14,10.87,10.88,50608800,AMD,
2018-05-01,10.83,11.15,10.77,11.13,43441600,AMD,
2018-05-02,11.1,11.16,10.97,10.97,29267300,AMD,
2018-05-03,10.9,11.06,10.83,10.93,33310600,AMD,
2018-05-04,10.88,11.29,10.87,11.28,47884900,AMD,
2018-05-07,11.32,11.68,11.3,11.59,54001700,AMD,
2018-05-08,11.49,11.66,11.4,11.61,35218400,AMD,
2018-05-09,11.65,11.98,11.57,11.95,49605700,AMD,
2018-05-10,11.98,12.18,11.95,12.13,49744500,AMD,
2018-05-11,11.89,12.03,11.69,11.95,43863700,AMD,
2018-05-14,12.14,12.36,12.11,12.23,50263800,AMD,
2018-05-15,12.18,12.46,12.16,12.45,44183200,AMD,
2018-05-16,12.64,12.98,12.62,12.82,73364000,AMD,
2018-05-17,12.79,12.9,12.66,12.82,38692500,AMD,
2018-05-18,13.06,13.26,12.91,13,54063400,AMD,
2018-05-21,13.25,13.31,12.88,12.99,49714200,AMD,
2018-05-22,13,13.14,12.71,12.98,43267000,AMD,
2018-05-23,12.93,13.18,12.9,13.1,44517800,AMD,
2018-05-24,13.06,13.43,13.03,13.41,47785700,AMD,
2018-05-25,13.4,13.72,13.36,13.54,43850100,AMD,
2018-05-29,13.45,13.63,13.26,13.36,39578500,AMD,
2018-05-30,13.48,13.95,13.48,13.82,58186400,AMD,
2018-05-31,13.74,13.93,13.69,13.73,46797700,AMD,
2018-06-01,13.98,14.4,13.92,14.4,71677900,AMD,
2018-06-04,14.76,14.98,14.52,14.85,74546000,AMD,
2018-06-05,14.85,14.92,14.63,14.85,56122700,AMD,
2018-06-06,15.07,15.74,15.04,15.67,97089000,AMD,
2018-06-07,15.83,15.97,14.85,14.89,99860300,AMD,
2018-06-08,14.52,15.33,14.31,15.25,81930500,AMD,
2018-06-11,15.21,15.89,15.01,15.73,80737600,AMD,
2018-06-12,15.84,15.95,15.43,15.85,67002600,AMD,
2018-06-13,15.81,16.52,15.78,16.32,90227300,AMD,
2018-06-14,16.620001,16.790001,15.58,16.25,113048600,AMD,
2018-06-15,16.059999,16.52,15.82,16.34,77612200,AMD,
2018-06-18,16.18,17.34,16.129999,17.110001,104317400,AMD,
2018-06-19,16.85,17.290001,16.309999,16.690001,92542900,AMD,
2018-06-20,16.83,17.129999,16.370001,16.52,76280600,AMD,
2018-06-21,16.65,16.870001,15.46,15.65,95638400,AMD,
2018-06-22,15.78,15.91,15.56,15.8,59257100,AMD,
2018-06-25,15.64,15.74,14.54,15.11,94418400,AMD,
2018-06-26,15.32,15.6,15.1,15.5,54213500,AMD,
2018-06-27,15.65,15.76,14.96,14.97,56014300,AMD,
2018-06-28,14.85,15.36,14.75,15.31,48716800,AMD,
2018-06-29,15.41,15.49,14.98,14.99,41527800,AMD,
2018-07-02,14.8,15.18,14.74,15.16,43398800,AMD,
2018-07-03,15.21,15.34,14.96,15,32094000,AMD,
2018-07-05,15.13,15.5,15.02,15.5,40703300,AMD,
2018-07-06,15.52,16.389999,15.48,16.360001,65101700,AMD,
2018-07-09,16.73,16.84,16.17,16.610001,58525500,AMD,
2018-07-10,16.59,16.65,16.309999,16.549999,37093000,AMD,
2018-07-11,16.15,16.530001,16.02,16.27,42544100,AMD,
2018-07-12,16.41,16.790001,16.379999,16.559999,44188100,AMD,
2018-07-13,16.68,16.690001,16.219999,16.27,40614100,AMD,
2018-07-16,16.42,17,16.41,16.58,65275300,AMD,
2018-07-17,16.5,16.879999,16.48,16.870001,42313500,AMD,
2018-07-18,16.940001,16.99,16.549999,16.85,40881500,AMD,
2018-07-19,16.709999,16.879999,16.549999,16.709999,41267800,AMD,
2018-07-20,16.66,16.879999,16.440001,16.5,42879800,AMD,
2018-07-23,16.469999,16.68,15.9,16.66,44940800,AMD,
2018-07-24,16.75,16.860001,16.110001,16.190001,58201500,AMD,
2018-07-25,16.299999,16.389999,15.72,16.049999,82604900,AMD,
2018-07-26,17.16,18.450001,16.83,18.35,192661100,AMD,
2018-07-27,19.07,19.879999,18.309999,18.940001,161903800,AMD,
2018-07-30,19.4,20.18,19.309999,19.42,160823400,AMD,
2018-07-31,19.35,19.5,18.27,18.33,118403400,AMD,
2018-08-01,18.34,18.950001,18.32,18.48,75495200,AMD,
2018-08-02,18.17,18.83,18,18.790001,52867100,AMD,
2018-08-03,18.940001,19.059999,18.370001,18.49,53232100,AMD,
2018-08-06,18.889999,19.440001,18.459999,19.43,83579700,AMD,
2018-08-07,19.530001,19.709999,19.08,19.559999,72822600,AMD,
2018-08-08,19.459999,19.77,19.26,19.58,52081400,AMD,
2018-08-09,19.58,19.709999,19.08,19.1,46653400,AMD,
2018-08-10,19.09,19.48,18.85,19.059999,65821100,AMD,
2018-08-13,19.16,19.93,19.120001,19.73,81411300,AMD,
2018-08-14,19.969999,20.280001,19.629999,20.02,89195500,AMD,
2018-08-15,19.860001,20.1,19.200001,19.700001,86355700,AMD,
2018-08-16,19.860001,20.07,19.25,19.33,69733700,AMD,
2018-08-17,19.120001,19.82,18.73,19.77,60616600,AMD,
2018-08-20,19.790001,20.08,19.35,19.98,62983200,AMD,
2018-08-21,19.98,20.42,19.860001,20.4,55629000,AMD,
2018-08-22,20.280001,20.92,20.209999,20.9,62002700,AMD,
2018-08-23,21.190001,22.32,21.139999,22.290001,113444100,AMD,
2018-08-24,22.91,24,22.67,23.98,164328200,AMD,
2018-08-27,24.940001,27.299999,24.629999,25.26,325058400,AMD,
2018-08-28,25.51,26.18,24.040001,25.049999,215771200,AMD,
2018-08-29,24.360001,25.41,24.01,25.200001,143223200,AMD,
2018-08-30,25.290001,25.67,24.76,24.889999,103607300,AMD,
2018-08-31,24.889999,25.24,24.719999,25.17,65206400,AMD,
2018-09-04,25.620001,28.110001,25.57,28.059999,192541300,AMD,
2018-09-05,29.41,29.940001,26.84,28.51,257349000,AMD,
2018-09-06,28.120001,28.58,27.190001,27.84,143942900,AMD,
2018-09-07,26.959999,28.27,26.799999,27.379999,123348700,AMD,
2018-09-10,28.15,29.93,27.84,29.889999,162253800,AMD,
2018-09-11,30.02,30.59,29.370001,30.1,159902500,AMD,
2018-09-12,29.91,32.290001,29.450001,32.209999,197889600,AMD,
2018-09-13,33.16,34.139999,29.870001,30.48,304147100,AMD,
2018-09-14,31.43,33.09,30.540001,32.720001,217762800,AMD,
2018-09-17,31.75,33.23,31.6,32.43,180410600,AMD,
2018-09-18,32.990002,33.369999,31.200001,31.93,176673200,AMD,
2018-09-19,31.52,31.83,30.51,31.209999,124287000,AMD,
2018-09-20,32.099998,32.200001,30.639999,31.18,123116500,AMD,
2018-09-21,31.190001,32.419998,30.91,31.02,129792900,AMD,
2018-09-24,31.129999,32.650002,30.91,32.610001,118332600,AMD,
2018-09-25,33.18,33.599998,32.189999,32.57,118570200,AMD,
2018-09-26,32.400002,32.599998,31.719999,32.189999,79347300,AMD,
2018-09-27,31.860001,32.630001,31.389999,32.59,87934400,AMD,
2018-09-28,32.240002,32.779999,29.98,30.889999,165453500,AMD,
2018-10-01,30.690001,31.91,30.25,31.42,94742900,AMD,
2018-10-02,30.73,30.82,28.65,29.02,145276500,AMD,
2018-10-03,29.040001,29.219999,26.540001,28.43,190137200,AMD,
2018-10-04,27.99,28.83,27.370001,27.780001,95831200,AMD,
2018-10-05,28.07,28.469999,26.93,27.35,88008500,AMD,
2018-10-08,26.73,27.540001,25.959999,26.459999,103789500,AMD,
2018-10-09,26.15,27.709999,26,27.24,105461800,AMD,
2018-10-10,27.379999,27.4,24.91,25,147682900,AMD,
2018-10-11,24.74,26.200001,24.549999,25.299999,147013800,AMD,
2018-10-12,26.77,26.969999,25.67,26.34,111059400,AMD,
2018-10-15,26.379999,26.77,25.75,26.26,70523500,AMD,
2018-10-16,26.629999,28.23,26.17,28.18,92529000,AMD,
2018-10-17,28.41,28.530001,26.92,27.299999,89466900,AMD,
2018-10-18,27.08,27.75,26.4,26.620001,79623700,AMD,
2018-10-19,27.030001,27.1,23.6,23.66,130799900,AMD,
2018-10-22,24.459999,25.639999,24.09,25.030001,114158900,AMD,
2018-10-23,24.18,25.26,23.85,25.09,101763000,AMD,
2018-10-24,25.040001,25.1,22.75,22.790001,134489100,AMD,
2018-10-25,17.92,20.15,17.719999,19.27,189173700,AMD,
2018-10-26,18.49,18.780001,17.049999,17.629999,119689000,AMD,
2018-10-29,18.209999,18.23,16.27,16.85,94479600,AMD,
2018-10-30,16.379999,17.24,16.17,17.200001,99049400,AMD,
2018-10-31,17.870001,18.34,17.120001,18.209999,110463700,AMD,
2018-11-01,18.41,20.33,18.08,20.219999,136896500,AMD,
2018-11-02,20.59,21.059999,19.469999,20.23,123788000,AMD,
2018-11-05,20.120001,20.18,18.879999,19.9,108016700,AMD,
2018-11-06,19.5,21.65,19.48,20.68,144995700,AMD,
2018-11-07,21.42,22.219999,21.07,21.84,121115800,AMD,
2018-11-08,21.77,22.08,20.969999,21.200001,92387600,AMD,
2018-11-09,20.77,21.190001,20.110001,21.030001,85900700,AMD,
2018-11-12,20.68,20.85,18.799999,19.030001,95948200,AMD,
2018-11-13,19.280001,20.02,18.969999,19.610001,76126000,AMD,
2018-11-14,20.18,21.110001,19.76,20.809999,106344300,AMD,
2018-11-15,20.719999,21.77,20.42,21.49,97715500,AMD,
2018-11-16,19.870001,20.969999,19.719999,20.66,112376600,AMD,
2018-11-19,20.4,20.59,19.09,19.110001,93578200,AMD,
2018-11-20,17.4,19.58,17.18,19.209999,109869400,AMD,
2018-11-21,20.049999,20.309999,18.5,18.73,81585600,AMD,
2018-11-23,18.610001,19.83,18.559999,19.379999,54611300,AMD,
2018-11-26,19.959999,20.190001,19.110001,20.08,83211000,AMD,
2018-11-27,19.77,21.450001,19.73,21.049999,119230100,AMD,
2018-11-28,21.82,21.879999,20.18,21.34,134425300,AMD,
2018-11-29,21.190001,21.610001,20.73,21.43,79853700,AMD,
2018-11-30,21.299999,21.360001,20.52,21.299999,82370700,AMD,
2018-12-03,22.48,23.75,22.370001,23.709999,139607400,AMD,
2018-12-04,23.35,23.42,21.07,21.120001,127392900,AMD,
2018-12-06,20.219999,21.41,20.059999,21.299999,103434700,AMD,
2018-12-07,21.299999,21.379999,19.17,19.459999,105764500,AMD,
2018-12-10,19.35,20.129999,19.27,19.99,77984500,AMD,
2018-12-11,20.709999,21.139999,19.690001,19.98,88027400,AMD,
2018-12-12,20.32,21.02,19.709999,20.48,100340700,AMD,
2018-12-13,20.629999,20.870001,19.76,19.860001,88108300,AMD,
2018-12-14,19.58,20.700001,19.52,19.9,84713600,AMD,
2018-12-17,20.01,20.02,18.639999,18.83,115437900,AMD,
2018-12-18,19.15,19.84,18.879999,19.5,101512900,AMD,
2018-12-19,19.440001,19.719999,18,18.16,120644500,AMD,
2018-12-20,18.110001,18.860001,17.34,17.940001,119394500,AMD,
2018-12-21,18.120001,18.34,16.76,16.93,132246000,AMD,
2018-12-24,16.52,17.219999,16.370001,16.65,62933100,AMD,
2018-12-26,16.879999,17.91,16.030001,17.9,108811800,AMD,
2018-12-27,17.43,17.74,16.440001,17.49,111373000,AMD,
2018-12-28,17.530001,18.309999,17.139999,17.82,109214400,AMD,
2018-12-31,18.15,18.51,17.85,18.459999,84732200,AMD,
2019-01-02,18.01,19,17.98,18.83,87148700,AMD,
2019-01-03,18.42,18.68,16.940001,17.049999,117277600,AMD,
2019-01-04,17.549999,19.07,17.43,19,111878600,AMD,
2019-01-07,19.440001,20.68,19,20.57,107157000,AMD,
2019-01-08,21.190001,21.200001,19.68,20.75,121271000,AMD,
2019-01-09,20.889999,21.440001,20.07,20.190001,163944100,AMD,
2019-01-10,19.76,19.83,18.9,19.74,115629400,AMD,
2019-01-11,19.469999,20.35,19.190001,20.27,85110800,AMD,
2019-01-14,19.959999,20.620001,19.75,20.23,71350200,AMD,
2019-01-15,20.440001,20.68,20.26,20.379999,62785800,AMD,
2019-01-16,20.4,20.540001,19.709999,19.73,70849300,AMD,
2019-01-17,19.49,20.51,19.02,20.25,85018400,AMD,
2019-01-18,20.370001,21.049999,20.02,20.77,88131000,AMD,
2019-01-22,20.48,20.92,19.700001,19.76,78513700,AMD,
2019-01-23,20.030001,20.48,19.549999,19.799999,77811300,AMD,
2019-01-24,20.059999,21.01,20.040001,20.85,97433400,AMD,
2019-01-25,20.99,22.030001,20.790001,21.93,110239500,AMD,
2019-01-28,20.32,21.01,20.02,20.18,135164100,AMD,
2019-01-29,20.26,20.389999,19.049999,19.25,131202500,AMD,
2019-01-30,21.49,23.129999,21.370001,23.09,211421200,AMD,
2019-01-31,23.02,25.139999,22.83,24.41,182575600,AMD,
2019-02-01,24.610001,24.84,24.07,24.51,105356200,AMD,
2019-02-04,24.43,24.66,24.07,24.129999,70843800,AMD,
2019-02-05,23.42,23.860001,22.98,23.309999,122226000,AMD,
2019-02-06,23.629999,24.139999,23.219999,23.26,78684300,AMD,
2019-02-07,22.99,23.219999,22.32,22.67,86723900,AMD,
2019-02-08,22.33,23.280001,22.27,23.049999,78129300,AMD,
2019-02-11,23.049999,23.280001,22.66,22.959999,60578700,AMD,
2019-02-12,23.43,23.559999,22.75,22.82,67595400,AMD,
2019-02-13,22.98,23.24,22.709999,22.85,57544200,AMD,
2019-02-14,22.74,23.370001,22.59,23.129999,64441200,AMD,
2019-02-15,23.58,24.049999,23.200001,23.68,78644100,AMD,
2019-02-19,23.629999,24.41,23.610001,23.950001,57517900,AMD,
2019-02-20,24.139999,24.370001,23.9,23.950001,57091600,AMD,
2019-02-21,24.040001,24.33,23.85,23.92,49608200,AMD,
2019-02-22,24.049999,24.360001,23.879999,24.360001,52650700,AMD,
2019-02-25,25.01,25.52,24.68,24.709999,63221000,AMD,
2019-02-26,24.65,24.719999,24.15,24.209999,48470100,AMD,
2019-02-27,24.110001,24.23,23.209999,23.48,62649300,AMD,
2019-02-28,23.209999,23.67,23.110001,23.530001,39384900,AMD,
2019-03-01,23.969999,24.190001,23.450001,23.68,48084000,AMD,
2019-03-04,23.889999,24.129999,23.01,23.370001,48147700,AMD,
2019-03-05,23.34,23.68,23.01,23.5,35462600,AMD,
2019-03-06,23.469999,23.530001,22.4,22.41,60479400,AMD,
2019-03-07,22.33,22.41,21.73,22.08,52186300,AMD,
2019-03-08,21.35,22.09,21.040001,22.01,49967700,AMD,
2019-03-11,22.15,23.08,21.98,22.959999,54420200,AMD,
2019-03-12,23.1,23.799999,22.780001,23.49,56410600,AMD,
2019-03-13,23.66,24.15,23.35,23.379999,56705800,AMD,
2019-03-14,23.370001,23.49,22.799999,22.82,42818600,AMD,
2019-03-15,23.1,23.65,23.01,23.290001,46519900,AMD,
2019-03-18,23.299999,23.620001,23.040001,23.25,34731800,AMD,
2019-03-19,23.6,26.08,23.59,26,156052200,AMD,
2019-03-20,26.49,26.879999,25.309999,25.700001,151292100,AMD,
2019-03-21,25.780001,28.110001,25.709999,27.889999,129610300,AMD,
2019-03-22,27.540001,27.75,26.33,26.370001,115323300,AMD,
2019-03-25,26.290001,26.99,25.540001,25.969999,78438200,AMD,
2019-03-26,26.690001,26.98,25.459999,25.690001,75754100,AMD,
2019-03-27,25.700001,25.879999,24.549999,24.889999,88585300,AMD,
2019-03-28,25.1,25.559999,24.65,25.059999,64667500,AMD,
2019-03-29,25.58,25.73,25.25,25.52,53502800,AMD,
2019-04-01,26.42,26.559999,25.83,26.360001,63000300,AMD,
2019-04-02,26.51,26.799999,26.09,26.75,53358800,AMD,
2019-04-03,28.02,29.950001,27.879999,29.02,197650500,AMD,
2019-04-04,28.879999,29.389999,28.610001,29.09,82191100,AMD,
2019-04-05,29.639999,29.690001,28.799999,28.98,65662700,AMD,
2019-04-08,28.690001,28.950001,28.18,28.530001,58002500,AMD,
2019-04-09,28.24,28.379999,27.190001,27.24,75539800,AMD,
2019-04-10,27.459999,28.120001,27.32,27.83,64368100,AMD,
2019-04-11,27.809999,28.049999,27.459999,27.790001,44801200,AMD,
2019-04-12,28.209999,28.379999,27.66,27.85,41048800,AMD,
2019-04-15,27.799999,27.84,26.959999,27.33,40812500,AMD,
2019-04-16,27.719999,28.18,27.49,27.93,47340100,AMD,
2019-04-17,28.209999,28.27,27.219999,27.49,48240800,AMD,
2019-04-18,27.6,27.879999,27.34,27.68,39880900,AMD,
2019-04-22,27.620001,28.23,27.389999,28.18,36477300,AMD,
2019-04-23,28.18,28.49,27.790001,27.969999,41777500,AMD,
2019-04-24,28.1,28.85,27.93,28.459999,51784700,AMD,
2019-04-25,28.67,28.860001,27.360001,27.66,57329700,AMD,
2019-04-26,27.66,27.9,27.049999,27.879999,48827900,AMD,
2019-04-29,27.9,28.139999,27.5,27.690001,44532700,AMD,
2019-04-30,27.59,27.799999,26.940001,27.629999,73165900,AMD,
2019-05-01,28.950001,29.15,26.780001,26.809999,136066900,AMD,
2019-05-02,26.940001,28.639999,26.610001,28.290001,100514800,AMD,
2019-05-03,28.299999,28.42,27.66,28.219999,55503100,AMD,
2019-05-06,26.719999,27.5,26.450001,27.42,70344100,AMD,
2019-05-07,27.200001,27.35,26.209999,26.66,75868800,AMD,
2019-05-08,26.41,27.709999,26.27,27.09,65967500,AMD,
2019-05-09,26.700001,27.379999,26.030001,27.209999,73150900,AMD,
2019-05-10,27.030001,28.1,26.93,27.959999,82930100,AMD,
2019-05-13,26.98,27.23,26.1,26.24,99017900,AMD,
2019-05-14,26.530001,27.48,26.15,27.32,82980400,AMD,
2019-05-15,26.870001,27.790001,26.73,27.58,55689900,AMD,
2019-05-16,27.370001,28.370001,27.27,28.01,67330100,AMD,
2019-05-17,27.690001,28.459999,27.4,27.5,65385400,AMD,
2019-05-20,26.98,27.24,26.49,26.68,69757400,AMD,
2019-05-21,27.18,27.370001,26.93,27.35,46079200,AMD,
2019-05-22,27.120001,27.59,27.07,27.41,40035300,AMD,
2019-05-23,26.99,27.1,26.030001,26.360001,67809200,AMD,
2019-05-24,26.610001,26.93,26.4,26.440001,39835800,AMD,
2019-05-28,27.27,29.67,27.059999,29.049999,146949600,AMD,
2019-05-29,29,29.32,27.73,28.09,99969600,AMD,
2019-05-30,28.4,28.559999,27.6,28.030001,65289100,AMD,
2019-05-31,27.57,28.360001,27.4,27.41,68667800,AMD,
2019-06-03,28.75,29.620001,27.290001,27.58,147532200,AMD,
2019-06-04,28.389999,29.59,27.91,29.57,107549500,AMD,
2019-06-05,29.93,29.99,29.030001,29.5,79481500,AMD,
2019-06-06,29.870001,31.98,29.84,31.82,131267800,AMD,
2019-06-07,31.940001,32.599998,31.57,32.41,86841100,AMD,
2019-06-10,33.529999,34.299999,33.080002,33.23,97668800,AMD,
2019-06-11,33.43,33.490002,31.82,32.41,82834900,AMD,
2019-06-12,32,32.57,31.92,32.18,56194100,AMD,
2019-06-13,32.389999,32.5,31.059999,31.389999,63556000,AMD,
2019-06-14,30.700001,30.959999,30.02,30.360001,70373000,AMD,
2019-06-17,30.25,30.450001,29.18,29.200001,70865700,AMD,
2019-06-18,29.76,30.969999,29.58,30.450001,86444500,AMD,
2019-06-19,30.67,30.790001,30.059999,30.5,63233900,AMD,
2019-06-20,31.24,31.360001,29.84,30.01,72418200,AMD,
2019-06-21,29.65,30.35,28.969999,29.1,81861300,AMD,
2019-06-24,29.32,29.4,28.67,29.26,55724800,AMD,
2019-06-25,29.26,29.719999,28.799999,28.860001,53680900,AMD,
2019-06-26,29.98,30.48,29.780001,29.92,65064200,AMD,
2019-06-27,30.41,30.959999,30.209999,30.74,55623300,AMD,
2019-06-28,31.08,31.110001,30.33,30.370001,50090900,AMD,
2019-07-01,31.790001,32.040001,30.870001,31.200001,60525500,AMD,
2019-07-02,30.959999,31.26,30.73,31.24,37721700,AMD,
2019-07-03,31.129999,31.33,30.74,31.190001,23462000,AMD,
2019-07-05,30.879999,31.559999,30.75,31.5,34011900,AMD,
2019-07-08,31.799999,32.150002,31.26,32.040001,49689400,AMD,
2019-07-09,31.76,33.18,30.1,33.150002,61419800,AMD,
2019-07-10,33.560001,34.029999,33.360001,33.790001,60388400,AMD,
2019-07-11,33.91,34,32.759998,33.060001,63081800,AMD,
2019-07-12,32.759998,33.389999,32.59,33.209999,51509700,AMD,
2019-07-15,33.34,34.549999,33.27,34.389999,65565200,AMD,
2019-07-16,34.299999,34.860001,33.799999,33.849998,66912700,AMD,
2019-07-17,34.009998,34.299999,33.490002,33.599998,42557900,AMD,
2019-07-18,33.029999,33.459999,32.419998,33,58610900,AMD,
2019-07-19,33.080002,33.349998,32.450001,32.509998,44617700,AMD,
2019-07-22,32.799999,33.310001,32.740002,32.849998,37777300,AMD,
2019-07-23,33.169998,33.5,32.93,33.490002,38532500,AMD,
2019-07-24,33.639999,34.360001,33.450001,34.110001,41952300,AMD,
2019-07-25,34.049999,34.25,33.619999,33.669998,36705600,AMD,
2019-07-26,34.23,34.77,33.869999,34.02,43502800,AMD,
2019-07-29,34.139999,34.18,32.98,33.48,45922000,AMD,
2019-07-30,33.209999,33.939999,32.939999,33.869999,72198900,AMD,
2019-07-31,32.080002,32.299999,30.299999,30.450001,119190000,AMD,
2019-08-01,30.5,31.48,29.1,29.860001,80878900,AMD,
2019-08-02,29.48,29.73,28.940001,29.440001,60410900,AMD,
2019-08-05,28.26,28.49,27.65,27.99,74333200,AMD,
2019-08-06,28.860001,29.049999,28.200001,28.860001,60578400,AMD,
2019-08-07,28.469999,29.280001,28.370001,29.190001,58577500,AMD,
2019-08-08,31.530001,34.27,31.48,33.919998,167278800,AMD,
2019-08-09,33.450001,35.549999,33.080002,34.189999,132483900,AMD,
2019-08-12,34.16,34.650002,32.080002,32.43,106737000,AMD,
2019-08-13,32.360001,33.139999,31.719999,32.110001,102009700,AMD,
2019-08-14,31,31.049999,29.51,30.24,127521500,AMD,
2019-08-15,30.629999,30.73,29.209999,29.67,71674400,AMD,
2019-08-16,30.309999,31.48,30.209999,31.18,70469800,AMD,
2019-08-19,32,32.189999,31.42,31.48,67596900,AMD,
2019-08-20,30.940001,31.309999,30.450001,30.719999,47924000,AMD,
2019-08-21,31.049999,31.74,30.84,31.700001,41441500,AMD,
2019-08-22,31.76,31.92,30.98,31.9,47667900,AMD,
2019-08-23,31.299999,31.83,29.4,29.540001,83681100,AMD,
2019-08-26,30.34,30.719999,29.940001,30.280001,50612500,AMD,
2019-08-27,30.6,30.889999,29.6,30.200001,53229200,AMD,
2019-08-28,29.92,31.18,29.700001,30.780001,55835900,AMD,
2019-08-29,31.469999,31.83,31.33,31.450001,44422800,AMD,
2019-08-30,31.6,31.870001,31.129999,31.450001,40307000,AMD,
2019-09-03,30.83,31.139999,30.68,30.9,38029300,AMD,
2019-09-04,31.32,31.83,30.85,30.950001,46614600,AMD,
2019-09-05,31.790001,32.049999,31.120001,31.5,57861200,AMD,
2019-09-06,31.5,31.51,30.48,30.559999,51673000,AMD,
2019-09-09,30.93,31.18,30.24,30.5,54413200,AMD,
2019-09-10,30.219999,30.379999,29.77,30.23,48604800,AMD,
2019-09-11,30.379999,30.43,29.51,29.76,50631700,AMD,
2019-09-12,30.08,30.84,29.950001,30.209999,53618300,AMD,
2019-09-13,30.27,30.85,29.950001,30.690001,47758800,AMD,
2019-09-16,30.370001,31.15,30.26,30.83,52248500,AMD,
2019-09-17,31.07,31.32,30.74,30.99,35011700,AMD,
2019-09-18,30.75,30.889999,29.879999,30.42,47027500,AMD,
2019-09-19,30.57,30.959999,30.139999,30.290001,41603000,AMD,
2019-09-20,30.360001,30.469999,29.65,30.049999,79957400,AMD,
2019-09-23,30.120001,30.799999,30.07,30.639999,44366800,AMD,
2019-09-24,30.540001,30.75,29.290001,29.52,72963000,AMD,
2019-09-25,29.48,29.65,28.549999,29.540001,58234800,AMD,
2019-09-26,29.67,29.77,29,29.469999,40745400,AMD,
2019-09-27,29.17,29.77,28.35,28.719999,54091100,AMD,
2019-09-30,28.889999,29.049999,28.360001,28.99,37295600,AMD,
2019-10-01,29.049999,29.540001,28.639999,28.76,37081800,AMD,
2019-10-02,28.5,28.85,28.030001,28.309999,43640700,AMD,
2019-10-03,28.280001,28.780001,27.43,28.68,56325200,AMD,
2019-10-04,28.83,29.059999,28.280001,29.01,34446700,AMD,
2019-10-07,28.9,29.629999,28.84,28.93,39337200,AMD,
2019-10-08,28.549999,28.639999,27.92,28.23,44265700,AMD,
2019-10-09,28.799999,28.950001,28.35,28.459999,35661500,AMD,
2019-10-10,28.52,28.889999,28,28.379999,40660100,AMD,
2019-10-11,28.83,30.200001,28.809999,29.75,66256900,AMD,
2019-10-14,29.709999,30.610001,29.379999,30.530001,44473700,AMD,
2019-10-15,30.700001,30.92,30.17,30.719999,41600700,AMD,
2019-10-16,30.6,31.41,30.530001,30.809999,42804400,AMD,
2019-10-17,31.299999,31.4,30.860001,31.139999,36884400,AMD,
2019-10-18,31.059999,31.33,30.290001,30.969999,39681700,AMD,
2019-10-21,31.5,32.259998,31.41,32.029999,52182800,AMD,
2019-10-22,32.060001,32.150002,31.5,31.51,36185200,AMD,
2019-10-23,31.09,31.65,30.83,31.360001,26582200,AMD,
2019-10-24,31.58,31.860001,31.34,31.719999,27808000,AMD,
2019-10-25,31.9,32.860001,31.83,32.709999,45368800,AMD,
2019-10-28,33.16,33.91,33.150002,33.689999,51223600,AMD,
2019-10-29,33.73,33.900002,32.700001,33.029999,78700100,AMD,
2019-10-30,32.93,33.34,32.029999,33.130001,78228800,AMD,
2019-10-31,32.98,34.34,32.82,33.93,67881600,AMD,
2019-11-01,34.369999,35,34.099998,34.889999,64238600,AMD,
2019-11-04,35.189999,36.450001,34.759998,36.290001,83343800,AMD,
2019-11-05,36.560001,37.18,35.98,36.150002,84848600,AMD,
2019-11-06,36.060001,36.48,35.52,35.93,51675100,AMD,
2019-11-07,36.52,36.990002,36.029999,36.279999,54350200,AMD,
2019-11-08,36.060001,36.580002,36,36.290001,39353900,AMD,
2019-11-11,35.959999,36.66,35.580002,36.310001,43511100,AMD,
2019-11-12,36.43,37.130001,36.400002,36.709999,58664500,AMD,
2019-11-13,36.650002,37.959999,36.580002,37.52,67648300,AMD,
2019-11-14,37.509998,38.5,37.360001,38.349998,65829500,AMD,
2019-11-15,38.939999,39.369999,38.34,38.560001,62958500,AMD,
2019-11-18,38.650002,39.990002,38.599998,39.880001,66102800,AMD,
2019-11-19,40.139999,41.790001,39.689999,41.290001,94373000,AMD,
2019-11-20,40.959999,41.75,40.07,40.98,79767900,AMD,
2019-11-21,40.419998,40.709999,38.639999,39.52,88069400,AMD,
2019-11-22,39.360001,39.889999,38.189999,39.150002,56931900,AMD,
2019-11-25,39.5,40.169998,39.490002,39.790001,45769500,AMD,
2019-11-26,39.299999,39.48,38.810001,38.990002,43603300,AMD,
2019-11-27,39.459999,39.759998,39.07,39.41,33630100,AMD,
2019-11-29,39.099998,39.52,39.02,39.150002,17609900,AMD,
2019-12-02,39.32,39.41,38.439999,38.73,35710200,AMD,
2019-12-03,37.34,38.93,37.150002,38.900002,51556400,AMD,
2019-12-04,39.380001,39.82,39.130001,39.689999,44299400,AMD,
2019-12-05,39.950001,40.220001,39.549999,39.619999,35574000,AMD,
2019-12-06,40.099998,40.189999,39.560001,39.630001,31101400,AMD,
2019-12-09,39.459999,39.84,38.91,38.93,27928100,AMD,
2019-12-10,39.200001,39.73,38.82,39.439999,33733600,AMD,
2019-12-11,39.439999,39.610001,39.040001,39.470001,31698300,AMD,
2019-12-12,39.400002,42.619999,39.25,42.59,86878000,AMD,
2019-12-13,42.349998,42.950001,41.060001,41.150002,79927800,AMD,
2019-12-16,41.73,42.98,41.73,42.349998,58824900,AMD,
2019-12-17,42.509998,43.110001,42.150002,42.77,44852000,AMD,
2019-12-18,42.790001,43.060001,42.240002,42.299999,39083300,AMD,
2019-12-19,42.630001,43.34,42.599998,42.830002,45883000,AMD,
2019-12-20,43.439999,44.259998,43.259998,44.150002,68104700,AMD,
2019-12-23,44.580002,45.630001,44.389999,45.459999,55886500,AMD,
2019-12-24,46.099998,46.610001,45.77,46.540001,44432200,AMD,
2019-12-26,46.990002,47.310001,45.66,46.630001,57562800,AMD,
2019-12-27,46.849998,46.880001,45.98,46.18,36581300,AMD,
2019-12-30,46.139999,46.169998,44.66,45.52,41149700,AMD,
2019-12-31,45.07,46.09,44.919998,45.860001,31673200,AMD,
2020-01-02,46.860001,49.25,46.630001,49.099998,80331100,AMD,
2020-01-03,48.029999,49.389999,47.540001,48.599998,73127400,AMD,
2020-01-06,48.02,48.860001,47.860001,48.389999,47934900,AMD,
2020-01-07,49.349998,49.389999,48.040001,48.25,58061400,AMD,
2020-01-08,47.849998,48.299999,47.139999,47.830002,53767000,AMD,
2020-01-09,48.939999,49.959999,48.389999,48.970001,76512800,AMD,
2020-01-10,49.259998,49.290001,48,48.169998,44133700,AMD,
2020-01-13,48.66,48.860001,48.240002,48.75,34266800,AMD,
2020-01-14,48.639999,49.040001,47.91,48.209999,38563200,AMD,
2020-01-15,48.23,49.080002,48.119999,48.549999,40199900,AMD,
2020-01-16,49.169998,50.310001,48.990002,49.77,58898900,AMD,
2020-01-17,50.200001,51.049999,49.900002,50.93,57722500,AMD,
2020-01-21,50.959999,51.810001,50.700001,51.049999,49095000,AMD,
2020-01-22,51.630001,51.880001,51.200001,51.43,40772200,AMD,
2020-01-23,51.34,51.75,50.740002,51.709999,40135400,AMD,
2020-01-24,52.279999,52.810001,49.470001,50.349998,80004900,AMD,
2020-01-27,48.450001,49.790001,47.900002,49.259998,48878600,AMD,
2020-01-28,50.029999,50.849998,49.48,50.529999,62343800,AMD,
2020-01-29,47.84,48.07,46.099998,47.509998,112349900,AMD,
2020-01-30,46.490002,48.810001,46.130001,48.779999,70460200,AMD,
2020-01-31,48.400002,48.580002,46.790001,47,60322400,AMD,
2020-02-03,46.400002,48.099998,46.23,48.02,47077000,AMD,
2020-02-04,49.209999,49.75,48.610001,49.450001,46302100,AMD,
2020-02-05,50.290001,50.419998,49.310001,49.84,42737100,AMD,
2020-02-06,48.799999,49.389999,47.630001,49.32,48670600,AMD,
2020-02-07,48.91,50.669998,48.639999,49.73,53107600,AMD,
2020-02-10,49.470001,52.299999,49.349998,52.259998,60971700,AMD,
2020-02-11,53.220001,54.48,52.91,53.799999,74719100,AMD,
2020-02-12,54.529999,54.849998,53.529999,53.889999,45994900,AMD,
2020-02-13,53.43,55.029999,53.34,54.529999,51640000,AMD,
2020-02-14,55.189999,55.400002,54.560001,55.310001,52365400,AMD,
2020-02-18,54.939999,58.130001,54.84,56.889999,70133200,AMD,
2020-02-19,57.990002,59.27,57.509998,58.900002,58597300,AMD,
2020-02-20,58.439999,59.02,56.150002,57.27,74203400,AMD,
2020-02-21,56.709999,56.799999,52.889999,53.279999,88271100,AMD,
2020-02-24,48.18,50.279999,47.490002,49.119999,86624100,AMD,
2020-02-25,51.139999,51.240002,47.119999,47.57,88699400,AMD,
2020-02-26,47.700001,49.290001,47.07,47.490002,86378400,AMD,
2020-02-27,45.380001,46.240002,42.209999,44.009998,106416200,AMD,
2020-02-28,41.360001,46.150002,41.040001,45.48,100667700,AMD,
2020-03-02,47.419998,47.68,44.66,47.459999,102324700,AMD,
2020-03-03,49.029999,50.200001,45.669998,46.75,141972300,AMD,
2020-03-04,48.25,50.139999,47.209999,50.110001,93311800,AMD,
2020-03-05,48.68,49.720001,47.509998,48.110001,98302700,AMD,
2020-03-06,49.439999,49.540001,46.740002,48.59,124590900,AMD,
2020-03-09,43.029999,46.34,42.509998,43.27,80859800,AMD,
2020-03-10,45.41,45.439999,43.099998,45.380001,76228200,AMD,
2020-03-11,44.189999,45.970001,43.799999,45.700001,101601100,AMD,
2020-03-12,42,42.5,39,39.009998,107461500,AMD,
2020-03-13,42.200001,43.91,39.599998,43.900002,86689700,AMD,
2020-03-16,39.080002,43.369999,38.509998,38.709999,84545900,AMD,
2020-03-17,40.189999,42.880001,38.299999,41.880001,92741900,AMD,
2020-03-18,39.540001,41.950001,36.75,39.119999,106949300,AMD,
2020-03-19,39.560001,41.700001,37.689999,39.82,88939000,AMD,
2020-03-20,41.509998,42.48,39.580002,39.610001,106859500,AMD,
2020-03-23,40.619999,42.32,38.950001,41.639999,101704700,AMD,
2020-03-24,44.040001,46.810001,43.990002,46.220001,106794200,AMD,
2020-03-25,46.790001,47.880001,44.43,44.630001,93760400,AMD,
2020-03-26,45.779999,47.5,45.400002,47.5,73680200,AMD,
2020-03-27,46.32,47.98,45.900002,46.580002,74599200,AMD,
2020-03-30,47.240002,48.459999,46.66,47.860001,68486600,AMD,
2020-03-31,47.93,48.529999,45.16,45.48,83483700,AMD,
2020-04-01,44.18,46.849998,43.16,43.66,92083100,AMD,
2020-04-02,43.400002,45.279999,43.099998,44.490002,79024100,AMD,
2020-04-03,44.299999,44.84,41.700001,42.59,79335000,AMD,
2020-04-06,44.299999,47.580002,44.060001,47.52,82294000,AMD,
2020-04-07,48.959999,49.650002,46.68,47.560001,102098700,AMD,
2020-04-08,48.07,49,47.610001,48.790001,64930800,AMD,
2020-04-09,49.650002,50.25,47.720001,48.380001,80357400,AMD,
2020-04-13,48.470001,51.07,48.23,50.939999,64290100,AMD,
2020-04-14,52.240002,55.139999,52.110001,54.93,85306800,AMD,
2020-04-15,53.73,55.57,53.41,54.990002,83814000,AMD,
2020-04-16,55.959999,58.080002,55.630001,56.950001,103106500,AMD,
2020-04-17,57.349998,57.759998,55.549999,56.599998,76908800,AMD,
2020-04-20,55.98,58.630001,55.849998,56.970001,72367300,AMD,
2020-04-21,56.900002,57.73,51.41,52.919998,123906400,AMD,
2020-04-22,54.91,56.150002,54.34,55.919998,63164100,AMD,
2020-04-23,56.650002,57.290001,55.639999,55.900002,69662700,AMD,
2020-04-24,55.099998,56.779999,54.419998,56.18,72854800,AMD,
2020-04-27,57.439999,58,56.25,56.490002,62568100,AMD,
2020-04-28,57.16,57.349998,55.299999,55.509998,80501800,AMD,
2020-04-29,54.529999,54.860001,52.740002,53.66,110800900,AMD,
2020-04-30,53.43,54.290001,52.029999,52.389999,65199200,AMD,
2020-05-01,51.07,51.950001,49.09,49.880001,69562700,AMD,
2020-05-04,49.82,52.610001,49.73,52.560001,62590600,AMD,
2020-05-05,53.43,53.509998,51.290001,52.189999,56560500,AMD,
2020-05-06,52.419998,53.310001,51.880001,52.16,48138100,AMD,
2020-05-07,52.93,52.970001,51.619999,51.950001,48956600,AMD,
2020-05-08,52.150002,53.27,51.810001,53.189999,40774200,AMD,
2020-05-11,52.900002,55.889999,52.75,55.740002,68574000,AMD,
2020-05-12,56.209999,56.580002,53.75,53.759998,55631100,AMD,
2020-05-13,54.040001,55.220001,51.299999,52.18,76824700,AMD,
2020-05-14,52.099998,54.540001,51.610001,54.509998,73814000,AMD,
2020-05-15,53.32,54.439999,52.860001,54.200001,66950900,AMD,
2020-05-18,54.98,55.25,54.240002,54.59,48679100,AMD,
2020-05-19,54.389999,56.73,54.360001,55.470001,60388500,AMD,
2020-05-20,56.549999,56.98,55.630001,56.389999,50888200,AMD,
2020-05-21,56.68,56.720001,54.610001,54.650002,48496100,AMD,
2020-05-22,54.77,55.369999,53.779999,55.169998,43524100,AMD,
2020-05-26,56.009998,56.080002,53.02,53.189999,51618900,AMD,
2020-05-27,53.27,53.279999,49.09,52.740002,102414500,AMD,
2020-05-28,52.25,53.540001,51.25,51.740002,53670200,AMD,
2020-05-29,52.07,53.799999,51.849998,53.799999,64948300,AMD,
2020-06-01,53.310001,54.110001,52.889999,53.630001,36864400,AMD,
2020-06-02,53.450001,53.57,52.009998,53.540001,42855200,AMD,
2020-06-03,53.599998,53.650002,52.330002,52.73,46765300,AMD,
2020-06-04,52.59,53.740002,52.200001,52.630001,44869100,AMD,
2020-06-05,52.990002,53.57,52.080002,53.099998,53908300,AMD,
2020-06-08,53.299999,53.349998,52.259998,52.970001,39681700,AMD,
2020-06-09,52.950001,56.459999,52.720001,56.389999,79919100,AMD,
2020-06-10,57.200001,59,57.029999,57.439999,78719400,AMD,
2020-06-11,55.939999,56.68,52.799999,52.830002,78715400,AMD,
2020-06-12,55.009998,55.599998,52.110001,53.5,71096500,AMD,
2020-06-15,52.580002,54.73,52.41,54.68,56740700,AMD,
2020-06-16,55.720001,56.07,53.59,54.459999,50949700,AMD,
2020-06-17,54.790001,55.82,54.299999,54.549999,45008100,AMD,
2020-06-18,54.619999,55.119999,53.650002,54.040001,40354700,AMD,
2020-06-19,54.41,55.459999,53.82,54.23,52801500,AMD,
2020-06-22,54.669998,55.169998,53.740002,54.759998,44704800,AMD,
2020-06-23,55.049999,55.369999,53.869999,53.990002,48089000,AMD,
2020-06-24,53.939999,54.740002,51.919998,52.389999,53535500,AMD,
2020-06-25,52.560001,52.700001,50.540001,51.93,51129600,AMD,
2020-06-26,51.849998,51.950001,49.450001,50.099998,65485700,AMD,
2020-06-29,50.150002,50.279999,48.419998,50.279999,49905800,AMD,
2020-06-30,51.16,52.77,50.82,52.610001,42275700,AMD,
2020-07-01,52.630001,52.869999,51.599998,52.580002,32370900,AMD,
2020-07-02,53.029999,53.189999,52.049999,52.34,29081400,AMD,
2020-07-06,52.900002,53.52,52.330002,53.400002,36769400,AMD,
2020-07-07,53.279999,54.169998,52.860001,52.93,32153100,AMD,
2020-07-08,53.009998,53.470001,52.07,53.43,35608300,AMD,
2020-07-09,53.52,57.580002,53.310001,57.259998,87216300,AMD,
2020-07-10,57.540001,58.150002,55.509998,55.880001,59839700,AMD,
2020-07-13,56.68,58.349998,53.380001,53.59,57741800,AMD,
2020-07-14,53.299999,54.860001,52.259998,54.720001,54890100,AMD,
2020-07-15,54.959999,55.369999,53.59,55.34,42360300,AMD,
2020-07-16,54.68,55.150002,53.740002,54.919998,36887100,AMD,
2020-07-17,55.310001,55.810001,54.68,55.040001,34710400,AMD,
2020-07-20,55.23,57.529999,54.830002,57.459999,45034300,AMD,
2020-07-21,57.810001,58.5,56.32,57,44800700,AMD,
2020-07-22,57.07,62,56.970001,61.790001,135159400,AMD,
2020-07-23,61.630001,62.330002,58.630001,59.57,106829100,AMD,
2020-07-24,64.18,69.940002,64.050003,69.400002,205314500,AMD,
2020-07-27,69.279999,71.629997,67.790001,68.970001,107918100,AMD,
2020-07-28,68.099998,69.800003,67.019997,67.610001,94181400,AMD,
2020-07-29,75.5,77.190002,73.900002,76.089996,132969700,AMD,
2020-07-30,75.370003,78.959999,75.07,78.199997,80286900,AMD,
2020-07-31,78.669998,78.959999,75.360001,77.43,71699700,AMD,
2020-08-03,78.190002,78.5,77.059998,77.669998,42628800,AMD,
2020-08-04,78.029999,85.809998,77.989998,85.040001,155676100,AMD,
2020-08-05,84.959999,86.32,83.32,85.309998,65737300,AMD,
2020-08-06,85.489998,86.980003,84.779999,86.709999,53961700,AMD,
2020-08-07,86.669998,87.290001,82.669998,84.849998,66498000,AMD,
2020-08-10,85.050003,85.160004,79.32,82.239998,70536100,AMD,
2020-08-11,80.709999,80.709999,76.099998,76.879997,77877700,AMD,
2020-08-12,78.43,82.879997,77.550003,82.610001,88607800,AMD,
2020-08-13,82.879997,84.019997,81.540001,81.839996,57407400,AMD,
2020-08-14,81.809998,83.239998,80.879997,81.300003,42389500,AMD,
2020-08-17,82.089996,83.059998,81.550003,82.419998,31450200,AMD,
2020-08-18,82.800003,82.879997,81.029999,81.660004,30970500,AMD,
2020-08-19,81.779999,81.849998,80.449997,81.089996,37507400,AMD,
2020-08-20,79.739998,82.839996,79.120003,82.769997,42948900,AMD,
2020-08-21,83.290001,84.410004,82.230003,83.809998,48280300,AMD,
2020-08-24,84.550003,85.330002,82.550003,83.080002,38036100,AMD,
2020-08-25,83.360001,86.620003,82.349998,86.349998,49234400,AMD,
2020-08-26,86.970001,87.720001,85.199997,86.019997,47157300,AMD,
2020-08-27,86.349998,86.580002,82.940002,83.800003,42194200,AMD,
2020-08-28,84.300003,86.040001,84.190002,85.550003,40723300,AMD,
2020-08-31,85.050003,92.639999,85.050003,90.82,90655900,AMD,
2020-09-01,91.919998,92.510002,90.190002,92.18,56117100,AMD,
2020-09-02,94.010002,94.279999,88.739998,90.220001,50366900,AMD,
2020-09-03,87.839996,88.470001,81.589996,82.540001,87462700,AMD,
2020-09-04,81.449997,84.389999,76.330002,82.010002,82267800,AMD,
2020-09-08,78.050003,81.879997,78,78.690002,54955700,AMD,
2020-09-09,81.400002,82.440002,79.279999,81.910004,54163900,AMD,
2020-09-10,83.07,83.309998,78.379997,78.980003,51499400,AMD,
2020-09-11,79.82,79.989998,75.040001,76.339996,54763000,AMD,
2020-09-14,76.800003,78.82,76.260002,77.900002,47448700,AMD,
2020-09-15,77.660004,80.330002,75.970001,78.93,57874400,AMD,
2020-09-16,79.349998,79.720001,76.540001,76.660004,38393500,AMD,
2020-09-17,74.879997,76.629997,74.199997,76.550003,55619100,AMD,
2020-09-18,77,77.400002,73.849998,74.93,51082900,AMD,
2020-09-21,74.230003,77.980003,73.879997,77.940002,61312000,AMD,
2020-09-22,78.360001,78.790001,75.269997,77.699997,56044700,AMD,
2020-09-23,77.389999,77.910004,74.339996,74.730003,42327500,AMD,
2020-09-24,74.540001,77.25,73.900002,75.82,57540900,AMD,
